CTR 1	ctr 1	1
CTS 1	cts 1	1
CTS 9	cts 9	1
CWR 1	cwr 1	1
CWR 2	cwr 2	1
CWR 4	cwr 4	1
CWS 1	cws 1	1
CWS 2	cws 2	1
CWS 9	cws 9	1
EXH 1	exh 1	1
EXH 10	exh 10	1
EXH 11	exh 11	1
EXH 135	exh 135	1
EXH 136	exh 136	1
EXH 137	exh 137	1
EXH 139	exh 139	1
EXH 14	exh 14	1
EXH 19	exh 19	1
EXH 2	exh 2	1
EXH 24	exh 24	1
EXH 25	exh 25	1
EXH 26	exh 26	1
EXH 3	exh 3	1
EXH 30	exh 30	1
EXH 31	exh 31	1
EXH 35	exh 35	1
EXH 37	exh 37	1
EXH 4	exh 4	1
EXH 41	exh 41	1
EXH 46	exh 46	1
EXH 48	exh 48	1
EXH 5	exh 5	1
EXH 55	exh 55	1
EXH 56	exh 56	1
EXH 57	exh 57	1
EXH 58	exh 58	1
EXH 59	exh 59	1
EXH 6	exh 6	1
EXH 63	exh 63	1
EXH 64	exh 64	1
EXH 68	exh 68	1
EXH 7	exh 7	1
EXH 8	exh 8	1
EXH 9	exh 9	1
HWR 1	hwr 1	1
HWR 10	hwr 10	1
HWR 100	hwr 100	1
HWR 101	hwr 101	1
HWR 102	hwr 102	1
HWR 103	hwr 103	1
HWR 104	hwr 104	1
HWR 107	hwr 107	1
HWR 11	hwr 11	1
HWR 117	hwr 117	1
HWR 118	hwr 118	1
HWR 12	hwr 12	1
HWR 120	hwr 120	1
HWR 121	hwr 121	1
HWR 122	hwr 122	1
HWR 123	hwr 123	1
HWR 124	hwr 124	1
HWR 125	hwr 125	1
HWR 126	hwr 126	1
HWR 127	hwr 127	1
HWR 128	hwr 128	1
HWR 129	hwr 129	1
HWR 13	hwr 13	1
HWR 130	hwr 130	1
HWR 131	hwr 131	1
HWR 133	hwr 133	1
HWR 134	hwr 134	1
HWR 135	hwr 135	1
HWR 136	hwr 136	1
HWR 137	hwr 137	1
HWR 138	hwr 138	1
HWR 139	hwr 139	1
HWR 14	hwr 14	1
HWR 140	hwr 140	1
HWR 147	hwr 147	1
HWR 148	hwr 148	1
HWR 149	hwr 149	1
HWR 15	hwr 15	1
HWR 152	hwr 152	1
HWR 16	hwr 16	1
HWR 164	hwr 164	1
HWR 17	hwr 17	1
HWR 180	hwr 180	1
HWR 183	hwr 183	1
HWR 191	hwr 191	1
HWR 198	hwr 198	1
HWR 2	hwr 2	1
HWR 206	hwr 206	1
HWR 207	hwr 207	1
HWR 208	hwr 208	1
HWR 209	hwr 209	1
HWR 210	hwr 210	1
HWR 28	hwr 28	1
HWR 29	hwr 29	1
HWR 3	hwr 3	1
HWR 30	hwr 30	1
HWR 31	hwr 31	1
HWR 32	hwr 32	1
HWR 33	hwr 33	1
HWR 34	hwr 34	1
HWR 35	hwr 35	1
HWR 36	hwr 36	1
HWR 37	hwr 37	1
HWR 4	hwr 4	1
HWR 41	hwr 41	1
HWR 42	hwr 42	1
HWR 43	hwr 43	1
HWR 44	hwr 44	1
HWR 45	hwr 45	1
HWR 46	hwr 46	1
HWR 47	hwr 47	1
HWR 48	hwr 48	1
HWR 49	hwr 49	1
HWR 5	hwr 5	1
HWR 50	hwr 50	1
HWR 51	hwr 51	1
HWR 52	hwr 52	1
HWR 53	hwr 53	1
HWR 54	hwr 54	1
HWR 55	hwr 55	1
HWR 56	hwr 56	1
HWR 57	hwr 57	1
HWR 58	hwr 58	1
HWR 59	hwr 59	1
HWR 6	hwr 6	1
HWR 60	hwr 60	1
HWR 61	hwr 61	1
HWR 62	hwr 62	1
HWR 63	hwr 63	1
HWR 64	hwr 64	1
HWR 65	hwr 65	1
HWR 66	hwr 66	1
HWR 67	hwr 67	1
HWR 68	hwr 68	1
HWR 69	hwr 69	1
HWR 7	hwr 7	1
HWR 70	hwr 70	1
HWR 71	hwr 71	1
HWR 72	hwr 72	1
HWR 73	hwr 73	1
HWR 74	hwr 74	1
HWR 76	hwr 76	1
HWR 77	hwr 77	1
HWR 78	hwr 78	1
HWR 79	hwr 79	1
HWR 8	hwr 8	1
HWR 80	hwr 80	1
HWR 81	hwr 81	1
HWR 82	hwr 82	1
HWR 83	hwr 83	1
HWR 84	hwr 84	1
HWR 85	hwr 85	1
HWR 86	hwr 86	1
HWR 87	hwr 87	1
HWR 88	hwr 88	1
HWR 89	hwr 89	1
HWR 9	hwr 9	1
HWR 90	hwr 90	1
HWR 91	hwr 91	1
HWR 92	hwr 92	1
HWR 93	hwr 93	1
HWR 94	hwr 94	1
HWR 95	hwr 95	1
HWR 97	hwr 97	1
HWR 98	hwr 98	1
HWS 1	hws 1	1
HWS 10	hws 10	1
HWS 100	hws 100	1
HWS 101	hws 101	1
HWS 102	hws 102	1
HWS 103	hws 103	1
HWS 104	hws 104	1
HWS 107	hws 107	1
HWS 11	hws 11	1
HWS 112	hws 112	1
HWS 114	hws 114	1
HWS 116	hws 116	1
HWS 117	hws 117	1
HWS 118	hws 118	1
HWS 12	hws 12	1
HWS 120	hws 120	1
HWS 121	hws 121	1
HWS 122	hws 122	1
HWS 123	hws 123	1
HWS 124	hws 124	1
HWS 125	hws 125	1
HWS 126	hws 126	1
HWS 127	hws 127	1
HWS 128	hws 128	1
HWS 129	hws 129	1
HWS 13	hws 13	1
HWS 130	hws 130	1
HWS 131	hws 131	1
HWS 133	hws 133	1
HWS 134	hws 134	1
HWS 135	hws 135	1
HWS 136	hws 136	1
HWS 137	hws 137	1
HWS 138	hws 138	1
HWS 139	hws 139	1
HWS 14	hws 14	1
HWS 140	hws 140	1
HWS 143	hws 143	1
HWS 146	hws 146	1
HWS 148	hws 148	1
HWS 149	hws 149	1
HWS 15	hws 15	1
HWS 157	hws 157	1
HWS 16	hws 16	1
HWS 160	hws 160	1
HWS 163	hws 163	1
HWS 165	hws 165	1
HWS 166	hws 166	1
HWS 17	hws 17	1
HWS 2	hws 2	1
HWS 28	hws 28	1
HWS 29	hws 29	1
HWS 3	hws 3	1
HWS 30	hws 30	1
HWS 31	hws 31	1
HWS 32	hws 32	1
HWS 33	hws 33	1
HWS 34	hws 34	1
HWS 35	hws 35	1
HWS 36	hws 36	1
HWS 37	hws 37	1
HWS 4	hws 4	1
HWS 41	hws 41	1
HWS 42	hws 42	1
HWS 43	hws 43	1
HWS 44	hws 44	1
HWS 45	hws 45	1
HWS 46	hws 46	1
HWS 47	hws 47	1
HWS 48	hws 48	1
HWS 49	hws 49	1
HWS 5	hws 5	1
HWS 50	hws 50	1
HWS 51	hws 51	1
HWS 52	hws 52	1
HWS 53	hws 53	1
HWS 54	hws 54	1
HWS 55	hws 55	1
HWS 56	hws 56	1
HWS 57	hws 57	1
HWS 58	hws 58	1
HWS 59	hws 59	1
HWS 6	hws 6	1
HWS 60	hws 60	1
HWS 61	hws 61	1
HWS 62	hws 62	1
HWS 63	hws 63	1
HWS 64	hws 64	1
HWS 65	hws 65	1
HWS 66	hws 66	1
HWS 67	hws 67	1
HWS 68	hws 68	1
HWS 69	hws 69	1
HWS 7	hws 7	1
HWS 70	hws 70	1
HWS 71	hws 71	1
HWS 72	hws 72	1
HWS 73	hws 73	1
HWS 74	hws 74	1
HWS 76	hws 76	1
HWS 77	hws 77	1
HWS 78	hws 78	1
HWS 79	hws 79	1
HWS 8	hws 8	1
HWS 80	hws 80	1
HWS 81	hws 81	1
HWS 82	hws 82	1
HWS 83	hws 83	1
HWS 84	hws 84	1
HWS 85	hws 85	1
HWS 86	hws 86	1
HWS 87	hws 87	1
HWS 88	hws 88	1
HWS 89	hws 89	1
HWS 9	hws 9	1
HWS 90	hws 90	1
HWS 91	hws 91	1
HWS 92	hws 92	1
HWS 93	hws 93	1
HWS 94	hws 94	1
HWS 95	hws 95	1
HWS 97	hws 97	1
HWS 98	hws 98	1
MG 10	mg 10	1
MG 11	mg 11	1
MG 12	mg 12	1
MG 13	mg 13	1
MG 14	mg 14	1
MG 15	mg 15	1
MG 16	mg 16	1
MG 17	mg 17	1
MG 18	mg 18	1
MG 19	mg 19	1
MG 2	mg 2	1
MG 20	mg 20	1
MG 21	mg 21	1
MG 22	mg 22	1
MG 23	mg 23	1
MG 24	mg 24	1
MG 25	mg 25	1
MG 26	mg 26	1
MG 27	mg 27	1
MG 28	mg 28	1
MG 30	mg 30	1
MG 32	mg 32	1
MG 34	mg 34	1
MG 36	mg 36	1
MG 38	mg 38	1
MG 4	mg 4	1
MG 40	mg 40	1
MG 41	mg 41	1
MG 42	mg 42	1
MG 43	mg 43	1
MG 44	mg 44	1
MG 45	mg 45	1
MG 46	mg 46	1
MG 47	mg 47	1
MG 48	mg 48	1
MG 49	mg 49	1
MG 50	mg 50	1
MG 51	mg 51	1
MG 52	mg 52	1
MG 53	mg 53	1
MG 54	mg 54	1
MG 55	mg 55	1
MG 56	mg 56	1
MG 57	mg 57	1
MG 58	mg 58	1
MG 59	mg 59	1
MG 60	mg 60	1
MG 61	mg 61	1
MG 62	mg 62	1
MG 67	mg 67	1
MG 72	mg 72	1
MG 75	mg 75	1
MG 8	mg 8	1
MG 9	mg 9	1
OX 11	ox 11	1
OX 12	ox 12	1
OX 13	ox 13	1
OX 14	ox 14	1
OX 15	ox 15	1
OX 16	ox 16	1
OX 17	ox 17	1
OX 18	ox 18	1
OX 19	ox 19	1
OX 2	ox 2	1
OX 20	ox 20	1
OX 21	ox 21	1
OX 22	ox 22	1
OX 23	ox 23	1
OX 24	ox 24	1
OX 25	ox 25	1
OX 26	ox 26	1
OX 27	ox 27	1
OX 28	ox 28	1
OX 29	ox 29	1
OX 30	ox 30	1
OX 31	ox 31	1
OX 32	ox 32	1
OX 34	ox 34	1
OX 36	ox 36	1
OX 38	ox 38	1
OX 40	ox 40	1
OX 42	ox 42	1
OX 43	ox 43	1
OX 44	ox 44	1
OX 45	ox 45	1
OX 46	ox 46	1
OX 47	ox 47	1
OX 48	ox 48	1
OX 49	ox 49	1
OX 5	ox 5	1
OX 50	ox 50	1
OX 51	ox 51	1
OX 52	ox 52	1
OX 53	ox 53	1
OX 54	ox 54	1
OX 55	ox 55	1
OX 56	ox 56	1
OX 57	ox 57	1
OX 58	ox 58	1
OX 59	ox 59	1
OX 6	ox 6	1
OX 60	ox 60	1
OX 61	ox 61	1
OX 62	ox 62	1
OX 63	ox 63	1
OX 71	ox 71	1
OX 77	ox 77	1
OX 81	ox 81	1
RA 1	ra 1	1
RA 10	ra 10	1
RA 100	ra 100	1
RA 101	ra 101	1
RA 102	ra 102	1
RA 106	ra 106	1
RA 107	ra 107	1
RA 108	ra 108	1
RA 109	ra 109	1
RA 11	ra 11	1
RA 12	ra 12	1
RA 13	ra 13	1
RA 136	ra 136	1
RA 138	ra 138	1
RA 14	ra 14	1
RA 142	ra 142	1
RA 15	ra 15	1
RA 156	ra 156	1
RA 161	ra 161	1
RA 17	ra 17	1
RA 18	ra 18	1
RA 19	ra 19	1
RA 2	ra 2	1
RA 20	ra 20	1
RA 21	ra 21	1
RA 22	ra 22	1
RA 23	ra 23	1
RA 24	ra 24	1
RA 25	ra 25	1
RA 26	ra 26	1
RA 27	ra 27	1
RA 28	ra 28	1
RA 29	ra 29	1
RA 3	ra 3	1
RA 30	ra 30	1
RA 31	ra 31	1
RA 32	ra 32	1
RA 33	ra 33	1
RA 34	ra 34	1
RA 35	ra 35	1
RA 36	ra 36	1
RA 37	ra 37	1
RA 38	ra 38	1
RA 39	ra 39	1
RA 4	ra 4	1
RA 40	ra 40	1
RA 41	ra 41	1
RA 42	ra 42	1
RA 43	ra 43	1
RA 46	ra 46	1
RA 47	ra 47	1
RA 48	ra 48	1
RA 49	ra 49	1
RA 5	ra 5	1
RA 50	ra 50	1
RA 52	ra 52	1
RA 56	ra 56	1
RA 57	ra 57	1
RA 58	ra 58	1
RA 6	ra 6	1
RA 60	ra 60	1
RA 61	ra 61	1
RA 63	ra 63	1
RA 64	ra 64	1
RA 65	ra 65	1
RA 67	ra 67	1
RA 69	ra 69	1
RA 7	ra 7	1
RA 70	ra 70	1
RA 71	ra 71	1
RA 72	ra 72	1
RA 73	ra 73	1
RA 75	ra 75	1
RA 76	ra 76	1
RA 78	ra 78	1
RA 79	ra 79	1
RA 8	ra 8	1
RA 80	ra 80	1
RA 82	ra 82	1
RA 84	ra 84	1
RA 85	ra 85	1
RA 86	ra 86	1
RA 87	ra 87	1
RA 88	ra 88	1
RA 89	ra 89	1
RA 9	ra 9	1
RA 91	ra 91	1
RA 93	ra 93	1
RA 94	ra 94	1
RA 95	ra 95	1
RA 96	ra 96	1
RA 97	ra 97	1
RA 99	ra 99	1
SA 1	sa 1	1
SA 10	sa 10	1
SA 100	sa 100	1
SA 101	sa 101	1
SA 103	sa 103	1
SA 104	sa 104	1
SA 106	sa 106	1
SA 107	sa 107	1
SA 108	sa 108	1
SA 109	sa 109	1
SA 11	sa 11	1
SA 110	sa 110	1
SA 112	sa 112	1
SA 113	sa 113	1
SA 114	sa 114	1
SA 115	sa 115	1
SA 116	sa 116	1
SA 118	sa 118	1
SA 119	sa 119	1
SA 12	sa 12	1
SA 120	sa 120	1
SA 121	sa 121	1
SA 122	sa 122	1
SA 123	sa 123	1
SA 124	sa 124	1
SA 125	sa 125	1
SA 126	sa 126	1
SA 127	sa 127	1
SA 128	sa 128	1
SA 129	sa 129	1
SA 13	sa 13	1
SA 130	sa 130	1
SA 131	sa 131	1
SA 132	sa 132	1
SA 133	sa 133	1
SA 134	sa 134	1
SA 136	sa 136	1
SA 137	sa 137	1
SA 138	sa 138	1
SA 139	sa 139	1
SA 14	sa 14	1
SA 140	sa 140	1
SA 141	sa 141	1
SA 142	sa 142	1
SA 143	sa 143	1
SA 144	sa 144	1
SA 145	sa 145	1
SA 146	sa 146	1
SA 147	sa 147	1
SA 15	sa 15	1
SA 150	sa 150	1
SA 152	sa 152	1
SA 153	sa 153	1
SA 154	sa 154	1
SA 155	sa 155	1
SA 156	sa 156	1
SA 157	sa 157	1
SA 158	sa 158	1
SA 159	sa 159	1
SA 16	sa 16	1
SA 160	sa 160	1
SA 161	sa 161	1
SA 162	sa 162	1
SA 163	sa 163	1
SA 164	sa 164	1
SA 165	sa 165	1
SA 166	sa 166	1
SA 167	sa 167	1
SA 168	sa 168	1
SA 169	sa 169	1
SA 17	sa 17	1
SA 171	sa 171	1
SA 173	sa 173	1
SA 176	sa 176	1
SA 177	sa 177	1
SA 18	sa 18	1
SA 182	sa 182	1
SA 185	sa 185	1
SA 186	sa 186	1
SA 187	sa 187	1
SA 188	sa 188	1
SA 19	sa 19	1
SA 190	sa 190	1
SA 191	sa 191	1
SA 192	sa 192	1
SA 193	sa 193	1
SA 195	sa 195	1
SA 196	sa 196	1
SA 197	sa 197	1
SA 198	sa 198	1
SA 199	sa 199	1
SA 2	sa 2	1
SA 20	sa 20	1
SA 200	sa 200	1
SA 202	sa 202	1
SA 203	sa 203	1
SA 205	sa 205	1
SA 207	sa 207	1
SA 208	sa 208	1
SA 209	sa 209	1
SA 21	sa 21	1
SA 210	sa 210	1
SA 211	sa 211	1
SA 212	sa 212	1
SA 213	sa 213	1
SA 214	sa 214	1
SA 215	sa 215	1
SA 218	sa 218	1
SA 22	sa 22	1
SA 220	sa 220	1
SA 221	sa 221	1
SA 222	sa 222	1
SA 225	sa 225	1
SA 226	sa 226	1
SA 227	sa 227	1
SA 229	sa 229	1
SA 23	sa 23	1
SA 230	sa 230	1
SA 231	sa 231	1
SA 233	sa 233	1
SA 235	sa 235	1
SA 237	sa 237	1
SA 238	sa 238	1
SA 24	sa 24	1
SA 244	sa 244	1
SA 246	sa 246	1
SA 247	sa 247	1
SA 25	sa 25	1
SA 254	sa 254	1
SA 255	sa 255	1
SA 256	sa 256	1
SA 257	sa 257	1
SA 258	sa 258	1
SA 26	sa 26	1
SA 260	sa 260	1
SA 263	sa 263	1
SA 264	sa 264	1
SA 265	sa 265	1
SA 266	sa 266	1
SA 267	sa 267	1
SA 268	sa 268	1
SA 27	sa 27	1
SA 270	sa 270	1
SA 271	sa 271	1
SA 272	sa 272	1
SA 278	sa 278	1
SA 279	sa 279	1
SA 28	sa 28	1
SA 280	sa 280	1
SA 282	sa 282	1
SA 283	sa 283	1
SA 284	sa 284	1
SA 285	sa 285	1
SA 286	sa 286	1
SA 287	sa 287	1
SA 288	sa 288	1
SA 289	sa 289	1
SA 29	sa 29	1
SA 290	sa 290	1
SA 291	sa 291	1
SA 293	sa 293	1
SA 294	sa 294	1
SA 295	sa 295	1
SA 296	sa 296	1
SA 297	sa 297	1
SA 299	sa 299	1
SA 3	sa 3	1
SA 30	sa 30	1
SA 300	sa 300	1
SA 302	sa 302	1
SA 305	sa 305	1
SA 308	sa 308	1
SA 309	sa 309	1
SA 31	sa 31	1
SA 310	sa 310	1
SA 311	sa 311	1
SA 313	sa 313	1
SA 317	sa 317	1
SA 32	sa 32	1
SA 322	sa 322	1
SA 326	sa 326	1
SA 327	sa 327	1
SA 33	sa 33	1
SA 338	sa 338	1
SA 34	sa 34	1
SA 341	sa 341	1
SA 343	sa 343	1
SA 35	sa 35	1
SA 36	sa 36	1
SA 37	sa 37	1
SA 38	sa 38	1
SA 39	sa 39	1
SA 4	sa 4	1
SA 40	sa 40	1
SA 41	sa 41	1
SA 43	sa 43	1
SA 44	sa 44	1
SA 45	sa 45	1
SA 46	sa 46	1
SA 47	sa 47	1
SA 48	sa 48	1
SA 49	sa 49	1
SA 5	sa 5	1
SA 50	sa 50	1
SA 51	sa 51	1
SA 52	sa 52	1
SA 522	sa 522	1
SA 53	sa 53	1
SA 54	sa 54	1
SA 55	sa 55	1
SA 56	sa 56	1
SA 57	sa 57	1
SA 58	sa 58	1
SA 59	sa 59	1
SA 6	sa 6	1
SA 60	sa 60	1
SA 61	sa 61	1
SA 62	sa 62	1
SA 63	sa 63	1
SA 64	sa 64	1
SA 65	sa 65	1
SA 66	sa 66	1
SA 67	sa 67	1
SA 68	sa 68	1
SA 69	sa 69	1
SA 7	sa 7	1
SA 70	sa 70	1
SA 71	sa 71	1
SA 72	sa 72	1
SA 73	sa 73	1
SA 74	sa 74	1
SA 75	sa 75	1
SA 76	sa 76	1
SA 77	sa 77	1
SA 78	sa 78	1
SA 79	sa 79	1
SA 8	sa 8	1
SA 80	sa 80	1
SA 81	sa 81	1
SA 82	sa 82	1
SA 83	sa 83	1
SA 84	sa 84	1
SA 85	sa 85	1
SA 86	sa 86	1
SA 87	sa 87	1
SA 88	sa 88	1
SA 89	sa 89	1
SA 9	sa 9	1
SA 90	sa 90	1
SA 91	sa 91	1
SA 92	sa 92	1
SA 93	sa 93	1
SA 94	sa 94	1
SA 95	sa 95	1
SA 97	sa 97	1
SA 98	sa 98	1
SA 99	sa 99	1
SAN 1	san 1	1
SV 10	sv 10	1
SV 11	sv 11	1
SV 12	sv 12	1
SV 13	sv 13	1
SV 14	sv 14	1
SV 15	sv 15	1
SV 16	sv 16	1
SV 17	sv 17	1
SV 18	sv 18	1
SV 19	sv 19	1
SV 2	sv 2	1
SV 20	sv 20	1
SV 21	sv 21	1
SV 22	sv 22	1
SV 23	sv 23	1
SV 24	sv 24	1
SV 25	sv 25	1
SV 26	sv 26	1
SV 27	sv 27	1
SV 28	sv 28	1
SV 30	sv 30	1
SV 32	sv 32	1
SV 34	sv 34	1
SV 36	sv 36	1
SV 38	sv 38	1
SV 39	sv 39	1
SV 4	sv 4	1
SV 40	sv 40	1
SV 41	sv 41	1
SV 42	sv 42	1
SV 43	sv 43	1
SV 44	sv 44	1
SV 45	sv 45	1
SV 46	sv 46	1
SV 47	sv 47	1
SV 48	sv 48	1
SV 49	sv 49	1
SV 50	sv 50	1
SV 51	sv 51	1
SV 52	sv 52	1
SV 53	sv 53	1
SV 54	sv 54	1
SV 55	sv 55	1
SV 56	sv 56	1
SV 57	sv 57	1
SV 58	sv 58	1
SV 59	sv 59	1
SV 60	sv 60	1
SV 61	sv 61	1
SV 66	sv 66	1
SV 71	sv 71	1
SV 74	sv 74	1
SV 8	sv 8	1
SV 9	sv 9	1
VAV-1-1	vav- 1 -1	1
VAV-1-10	vav- 1 -10	1
VAV-1-11	vav- 1 -11	1
VAV-1-12	vav- 1 -12	1
VAV-1-13	vav- 1 -13	1
VAV-1-14	vav- 1 -14	1
VAV-1-15	vav- 1 -15	1
VAV-1-2	vav- 1 -2	1
VAV-1-3	vav- 1 -3	1
VAV-1-4	vav- 1 -4	1
VAV-1-5	vav- 1 -5	1
VAV-1-6	vav- 1 -6	1
VAV-1-7	vav- 1 -7	1
VAV-1-8	vav- 1 -8	1
VAV-1-9	vav- 1 -9	1
