entity	en-US	org.fm:building_object	parameter-datasets/org.fm:building_object.json
entity	en-US	org.fm:building_object1	parameter-datasets/org.fm:building_object1.json
entity	en-US	org.fm:building_system	parameter-datasets/org.fm:building_system.json
entity	en-US	org.fm:building_system1	parameter-datasets/org.fm:building_system1.json
entity	en-US	org.fm:building_system2	parameter-datasets/org.fm:building_system2.json
entity	en-US	org.fm:floor	parameter-datasets/org.fm:floor.json
entity	en-US	org.fm:forge_building	parameter-datasets/org.fm:forge_building.json
entity	en-US	org.fm:forge_floor	parameter-datasets/org.fm:forge_floor.json
entity	en-US	org.fm:forge_model	parameter-datasets/org.fm:forge_model.json
entity	en-US	org.fm:manufacturer	parameter-datasets/org.fm:manufacturer.json
entity	en-US	org.fm:obj_type	parameter-datasets/org.fm:obj_type.json
entity	en-US	org.fm:obj_type1	parameter-datasets/org.fm:obj_type1.json
entity	en-US	org.fm:room_id	parameter-datasets/org.fm:room_id.json
entity	en-US	org.fm:room_type	parameter-datasets/org.fm:room_type.json
entity	en-US	org.fm:room_type1	parameter-datasets/org.fm:room_type1.json
entity	en-US	org.fm:system_name	parameter-datasets/org.fm:system_name.json